{
  "Ag-107": {
    "(n,\u03b3)": {
      "sigma_th": 37.59839999999999,
      "sigma_2p5": 0.0656171864357984,
      "sigma_14": 7.777332710351322e-05
    }
  },
  "Ag-109": {
    "(n,\u03b3)": {
      "sigma_th": 90.24385,
      "sigma_2p5": 0.03696310735693206,
      "sigma_14": 0.00086421342648045
    }
  },
  "Al-27": {
    "(n,\u03b3)": {
      "sigma_th": 0.23347209999999996,
      "sigma_2p5": 0.0004614908000000001,
      "sigma_14": 0.0006312038204118132
    },
    "(n,p)": {
      "sigma_th": null,
      "sigma_2p5": 1.5304160000000006e-05,
      "sigma_14": 0.07228248722890286
    },
    "(n,\u03b1)": {
      "sigma_th": null,
      "sigma_2p5": null,
      "sigma_14": 0.12120142053484141
    },
    "(n,2n)": {
      "sigma_th": null,
      "sigma_2p5": null,
      "sigma_14": 0.006581946784550725
    }
  },
  "Ba-132": {
    "(n,\u03b3)": {
      "sigma_th": 6.529931999999999,
      "sigma_2p5": 0.3135067935251908,
      "sigma_14": 0.0036955130331351705
    }
  },
  "Bi-209": {
    "(n,\u03b3)": {
      "sigma_th": 0.0338053,
      "sigma_2p5": 0.003280013824813088,
      "sigma_14": 0.0010196111283280727
    }
  },
  "Ca-48": {
    "(n,\u03b3)": {
      "sigma_th": 1.092746,
      "sigma_2p5": 0.00023078103117582486,
      "sigma_14": 0.0008657739651686435
    }
  },
  "Co-59": {
    "(n,\u03b3)": {
      "sigma_th": 37.17348,
      "sigma_2p5": 0.002161597318488454,
      "sigma_14": 0.001167643857958654
    },
    "(n,2n)": {
      "sigma_th": null,
      "sigma_2p5": null,
      "sigma_14": 0.6890024749850273
    },
    "(n,p)": {
      "sigma_th": null,
      "sigma_2p5": 3.275319101534662e-05,
      "sigma_14": 0.05022363275572779
    }
  },
  "Cr-50": {
    "(n,\u03b3)": {
      "sigma_th": 15.400279999999999,
      "sigma_2p5": 0.002759251808286131,
      "sigma_14": 0.0010675515661498782
    }
  },
  "Cr-52": {
    "(n,\u03b3)": {
      "sigma_th": 0.8558216,
      "sigma_2p5": 0.0010465500349082387,
      "sigma_14": 0.0008025939426509143
    },
    "(n,p)": {
      "sigma_th": null,
      "sigma_2p5": null,
      "sigma_14": 0.08859066282478072
    },
    "(n,2n)": {
      "sigma_th": null,
      "sigma_2p5": null,
      "sigma_14": 0.2767949968229864
    }
  },
  "Cr-53": {
    "(n,\u03b3)": {
      "sigma_th": 18.087800000000005,
      "sigma_2p5": 0.0009891743116067573,
      "sigma_14": 0.000948746208262599
    }
  },
  "Cr-54": {
    "(n,\u03b3)": {
      "sigma_th": 0.4110938,
      "sigma_2p5": 0.0009327997730710888,
      "sigma_14": 0.000547162316653869
    }
  },
  "Cs-133": {
    "(n,\u03b3)": {
      "sigma_th": 29.046649999999996,
      "sigma_2p5": 0.01701174393006549,
      "sigma_14": 0.0009660976886122994
    }
  },
  "Cu-63": {
    "(n,\u03b3)": {
      "sigma_th": 4.469285999999999,
      "sigma_2p5": 0.005494527289350309,
      "sigma_14": 0.0007202314999999998
    },
    "(n,2n)": {
      "sigma_th": null,
      "sigma_2p5": null,
      "sigma_14": 0.4295481
    },
    "(n,\u03b1)": {
      "sigma_th": null,
      "sigma_2p5": 1.315859523752824e-06,
      "sigma_14": 0.04399399
    }
  },
  "Cu-65": {
    "(n,\u03b3)": {
      "sigma_th": 2.148683,
      "sigma_2p5": 0.00393901113462189,
      "sigma_14": 0.0006114140000000002
    },
    "(n,2n)": {
      "sigma_th": null,
      "sigma_2p5": null,
      "sigma_14": 0.8482329
    },
    "(n,p)": {
      "sigma_th": null,
      "sigma_2p5": 4.356183498665086e-07,
      "sigma_14": 0.0197473
    }
  },
  "Eu-151": {
    "(n,\u03b3)": {
      "sigma_th": 9182.628000000006,
      "sigma_2p5": 0.1300552423067808,
      "sigma_14": 0.0007750189999999997
    },
    "(n,2n)": {
      "sigma_th": null,
      "sigma_2p5": null,
      "sigma_14": 1.7634
    }
  },
  "Eu-153": {
    "(n,\u03b3)": {
      "sigma_th": 357.9076999999999,
      "sigma_2p5": 0.1014957361563521,
      "sigma_14": 0.0010353253038883797
    }
  },
  "Fe-54": {
    "(n,\u03b3)": {
      "sigma_th": 2.253272,
      "sigma_2p5": 0.002322993500514159,
      "sigma_14": 0.0009967184000000003
    },
    "(n,p)": {
      "sigma_th": null,
      "sigma_2p5": 0.05899377950302766,
      "sigma_14": 0.338907
    },
    "(n,\u03b1)": {
      "sigma_th": null,
      "sigma_2p5": 5.088724294900745e-07,
      "sigma_14": 0.003736916999999999
    }
  },
  "Fe-56": {
    "(n,\u03b3)": {
      "sigma_th": 2.604458,
      "sigma_2p5": 0.001713763220403766,
      "sigma_14": 0.000795577952592263
    },
    "(n,p)": {
      "sigma_th": null,
      "sigma_2p5": null,
      "sigma_14": 0.11332592499880867
    },
    "(n,2n)": {
      "sigma_th": null,
      "sigma_2p5": null,
      "sigma_14": 0.43136429228721157
    }
  },
  "Fe-57": {
    "(n,\u03b3)": {
      "sigma_th": 2.481168,
      "sigma_2p5": 0.001367920297074332,
      "sigma_14": 0.0010015158714270593
    }
  },
  "Fe-58": {
    "(n,\u03b3)": {
      "sigma_th": 1.314391,
      "sigma_2p5": 0.0017970398242982877,
      "sigma_14": 0.0011538711766226149
    }
  },
  "K-41": {
    "(n,\u03b3)": {
      "sigma_th": 1.460627,
      "sigma_2p5": 0.0018139550268443441,
      "sigma_14": 9.503932940958408e-06
    }
  },
  "Mn-55": {
    "(n,\u03b3)": {
      "sigma_th": 13.275279999999999,
      "sigma_2p5": 0.0015483695296008104,
      "sigma_14": 0.0006238483448722149
    },
    "(n,2n)": {
      "sigma_th": null,
      "sigma_2p5": null,
      "sigma_14": 0.6866115561820636
    },
    "(n,\u03b1)": {
      "sigma_th": null,
      "sigma_2p5": null,
      "sigma_14": 0.0012395843314315083
    }
  },
  "Mo-100": {
    "(n,\u03b3)": {
      "sigma_th": 0.1990324,
      "sigma_2p5": 0.010374117591414099,
      "sigma_14": 0.0011517126081617068
    }
  },
  "Mo-92": {
    "(n,p)": {
      "sigma_th": null,
      "sigma_2p5": 0.0009898643874920918,
      "sigma_14": 0.12562591937271905
    }
  },
  "Mo-98": {
    "(n,\u03b3)": {
      "sigma_th": 0.129982,
      "sigma_2p5": 0.016417052962902443,
      "sigma_14": 0.001006538407838481
    }
  },
  "N-14": {
    "(n,p)": {
      "sigma_th": 1.82722,
      "sigma_2p5": 0.014099794525190492,
      "sigma_14": 0.04388520099420788
    }
  },
  "Na-23": {
    "(n,\u03b3)": {
      "sigma_th": 0.5282124,
      "sigma_2p5": 0.00018203371967653422,
      "sigma_14": 0.00021411746240607702
    },
    "(n,2n)": {
      "sigma_th": null,
      "sigma_2p5": null,
      "sigma_14": 0.02491991760964768
    }
  },
  "Nb-93": {
    "(n,\u03b3)": {
      "sigma_th": 1.142032,
      "sigma_2p5": 0.008562991340872425,
      "sigma_14": 0.0005538610393267371
    },
    "(n,2n)": {
      "sigma_th": null,
      "sigma_2p5": null,
      "sigma_14": 1.3588179622917471
    }
  },
  "Ni-58": {
    "(n,p)": {
      "sigma_th": null,
      "sigma_2p5": 0.09276877821900287,
      "sigma_14": 0.34319156415464697
    },
    "(n,\u03b3)": {
      "sigma_th": 4.225184,
      "sigma_2p5": 0.003435177979018472,
      "sigma_14": 0.0008568590971552903
    },
    "(n,2n)": {
      "sigma_th": null,
      "sigma_2p5": null,
      "sigma_14": 0.024875558526436296
    },
    "(n,\u03b1)": {
      "sigma_th": null,
      "sigma_2p5": 0.0027109179425889103,
      "sigma_14": 0.10530836248398621
    }
  },
  "Ni-60": {
    "(n,\u03b3)": {
      "sigma_th": 2.400298,
      "sigma_2p5": 0.003179444848674855,
      "sigma_14": 0.000900016967824362
    },
    "(n,p)": {
      "sigma_th": null,
      "sigma_2p5": 9.956870599538287e-14,
      "sigma_14": 0.1570116757604367
    },
    "(n,2n)": {
      "sigma_th": null,
      "sigma_2p5": null,
      "sigma_14": 0.3734326875979146
    }
  },
  "Ni-62": {
    "(n,\u03b3)": {
      "sigma_th": 14.900329999999999,
      "sigma_2p5": 0.0029899787265891356,
      "sigma_14": 0.0007241129213344833
    }
  },
  "Ni-64": {
    "(n,\u03b3)": {
      "sigma_th": 1.480042,
      "sigma_2p5": 0.0016744749777864746,
      "sigma_14": 0.0005162863463396744
    }
  },
  "O-16": {
    "(n,p)": {
      "sigma_th": null,
      "sigma_2p5": null,
      "sigma_14": 0.042723300000000006
    }
  },