{
  "Ag-107": {
    "(n,\u03b3)": {
      "sigma_th": 37.59839999999999,
      "sigma_2p5": 0.0656171864357984,
      "sigma_14": 7.777332710351322e-05
    }
  },
  "Ag-109": {
    "(n,\u03b3)": {
      "sigma_th": 91.09985000000003,
      "sigma_2p5": 0.03696310735693206,
      "sigma_14": 0.00086421342648045
    }
  },
  "Al-27": {
    "(n,\u03b3)": {
      "sigma_th": 0.23347209999999996,
      "sigma_2p5": 0.0004614908000000001,
      "sigma_14": 0.0006312038204118132
    },
    "(n,p)": {
      "sigma_th": null,
      "sigma_2p5": 1.5304160000000006e-05,
      "sigma_14": 0.07228248722890286
    },
    "(n,\u03b1)": {
      "sigma_th": null,
      "sigma_2p5": null,
      "sigma_14": 0.12120142053484141
    },
    "(n,2n)": {
      "sigma_th": null,
      "sigma_2p5": null,
      "sigma_14": 0.006581946784550725
    }
  },
  "Ba-132": {
    "(n,\u03b3)": {
      "sigma_th": 6.529931999999999,
      "sigma_2p5": 0.3135067935251908,
      "sigma_14": 0.0036955130331351705
    }
  },
  "Bi-209": {
    "(n,\u03b3)": {
      "sigma_th": 0.033838299999999995,
      "sigma_2p5": 0.004416859903281728,
      "sigma_14": 0.001588766218233956
    }
  },
  "Ca-48": {
    "(n,\u03b3)": {
      "sigma_th": 1.092356,
      "sigma_2p5": 0.0001476570187480713,
      "sigma_14": 0.00017495799377918362
    }
  },
  "Co-59": {
    "(n,\u03b3)": {
      "sigma_th": 37.17348,
      "sigma_2p5": 0.0026549993985091284,
      "sigma_14": 0.0008949523939619249
    },
    "(n,2n)": {
      "sigma_th": null,
      "sigma_2p5": null,
      "sigma_14": 0.7001984605503319
    },
    "(n,p)": {
      "sigma_th": null,
      "sigma_2p5": 5.0109402921923505e-05,
      "sigma_14": 0.04995474089050391
    }
  },
  "Cr-50": {
    "(n,\u03b3)": {
      "sigma_th": 15.266179999999999,
      "sigma_2p5": 0.0030965575887502215,
      "sigma_14": 0.001005120895595232
    }
  },
  "Cr-52": {
    "(n,\u03b3)": {
      "sigma_th": 0.8558776,
      "sigma_2p5": 0.0007447814562657137,
      "sigma_14": 0.0009447629999999999
    },
    "(n,p)": {
      "sigma_th": null,
      "sigma_2p5": null,
      "sigma_14": 0.0863069
    },
    "(n,2n)": {
      "sigma_th": null,
      "sigma_2p5": null,
      "sigma_14": 0.297167
    }
  },
  "Cr-53": {
    "(n,\u03b3)": {
      "sigma_th": 19.39539,
      "sigma_2p5": 0.0009865921049935639,
      "sigma_14": 0.000987635
    }
  },
  "Cr-54": {
    "(n,\u03b3)": {
      "sigma_th": 0.4110942,
      "sigma_2p5": 0.0013840871425365691,
      "sigma_14": 0.0009436187478284912
    }
  },
  "Cs-133": {
    "(n,\u03b3)": {
      "sigma_th": 28.89296,
      "sigma_2p5": 0.01781926520676786,
      "sigma_14": 0.0015257972661936764
    }
  },
  "Cu-63": {
    "(n,\u03b3)": {
      "sigma_th": 4.469054116552505,
      "sigma_2p5": 0.006094919852588295,
      "sigma_14": 0.0027079999999999995
    },
    "(n,2n)": {
      "sigma_th": null,
      "sigma_2p5": null,
      "sigma_14": 0.454143
    },
    "(n,\u03b1)": {
      "sigma_th": null,
      "sigma_2p5": 1.015874279476534e-06,
      "sigma_14": 0.042416800000000005
    }
  },
  "Cu-65": {
    "(n,\u03b3)": {
      "sigma_th": 2.148556575265626,
      "sigma_2p5": 0.005429885539879204,
      "sigma_14": 0.0005130000000000002
    },
    "(n,2n)": {
      "sigma_th": null,
      "sigma_2p5": null,
      "sigma_14": 0.906016
    },
    "(n,p)": {
      "sigma_th": null,
      "sigma_2p5": 8.380316941250036e-07,
      "sigma_14": 0.02441207
    }
  },
  "Fe-54": {
    "(n,\u03b3)": {
      "sigma_th": 2.253272,
      "sigma_2p5": 0.002322993500514159,
      "sigma_14": 0.0009967184000000003
    },
    "(n,p)": {
      "sigma_th": null,
      "sigma_2p5": 0.05899377950302766,
      "sigma_14": 0.338907
    },
    "(n,\u03b1)": {
      "sigma_th": null,
      "sigma_2p5": 5.088724294900745e-07,
      "sigma_14": 0.003736916999999999
    }
  },
  "Fe-56": {
    "(n,\u03b3)": {
      "sigma_th": 2.576621,
      "sigma_2p5": 0.0017137381841200892,
      "sigma_14": 0.0007955769498027766
    },
    "(n,p)": {
      "sigma_th": null,
      "sigma_2p5": null,
      "sigma_14": 0.11332592499880867
    },
    "(n,2n)": {
      "sigma_th": null,
      "sigma_2p5": null,
      "sigma_14": 0.43136429228721157
    }
  },
  "Fe-57": {
    "(n,\u03b3)": {
      "sigma_th": 2.481168,
      "sigma_2p5": 0.001367920297074332,
      "sigma_14": 0.0010015158714270593
    }
  },
  "Fe-58": {
    "(n,\u03b3)": {
      "sigma_th": 1.314391,
      "sigma_2p5": 0.0017970398242982877,
      "sigma_14": 0.0011538711766226149
    }
  },
  "K-41": {
    "(n,\u03b3)": {
      "sigma_th": 1.442789,
      "sigma_2p5": 0.001118468718852065,
      "sigma_14": 0.0008117956171680636
    }
  },
  "Mn-55": {
    "(n,\u03b3)": {
      "sigma_th": 13.275279999999999,
      "sigma_2p5": 0.0015483695296008104,
      "sigma_14": 0.0006238483448722149
    },
    "(n,2n)": {
      "sigma_th": null,
      "sigma_2p5": null,
      "sigma_14": 0.6866115561820636
    },
    "(n,\u03b1)": {
      "sigma_th": null,
      "sigma_2p5": null,
      "sigma_14": 0.0012395843314315083
    }
  },
  "Mo-100": {
    "(n,\u03b3)": {
      "sigma_th": 0.1937639,
      "sigma_2p5": 0.007680679854855803,
      "sigma_14": 0.001290027468463284
    }
  },
  "Mo-92": {
    "(n,p)": {
      "sigma_th": null,
      "sigma_2p5": 0.0017737810991190427,
      "sigma_14": 0.14972490518050233
    }
  },
  "Mo-98": {
    "(n,\u03b3)": {
      "sigma_th": 0.13211460000000003,
      "sigma_2p5": 0.007736912322473635,
      "sigma_14": 0.0005375029209112049
    }
  },
  "N-14": {
    "(n,p)": {
      "sigma_th": 1.930134,
      "sigma_2p5": 0.01549747026525868,
      "sigma_14": 0.0535927935766103
    }
  },
  "Na-23": {
    "(n,\u03b3)": {
      "sigma_th": 0.5313988,
      "sigma_2p5": 0.0002056300000000001,
      "sigma_14": 0.00018999999999999993
    },
    "(n,2n)": {
      "sigma_th": null,
      "sigma_2p5": null,
      "sigma_14": 0.015813076441005054
    }
  },
  "Nb-93": {
    "(n,\u03b3)": {
      "sigma_th": 1.142032,
      "sigma_2p5": 0.00850830155872945,
      "sigma_14": 0.0009979959
    },
    "(n,2n)": {
      "sigma_th": null,
      "sigma_2p5": null,
      "sigma_14": 1.33734
    }
  },
  "Ni-58": {
    "(n,p)": {
      "sigma_th": null,
      "sigma_2p5": 0.10162230304333984,
      "sigma_14": 0.36354293528681547
    },
    "(n,\u03b3)": {
      "sigma_th": 4.225162,
      "sigma_2p5": 0.003026000070072514,
      "sigma_14": 0.00047855953672965663
    },
    "(n,2n)": {
      "sigma_th": null,
      "sigma_2p5": null,
      "sigma_14": 0.024722808720510123
    },
    "(n,\u03b1)": {
      "sigma_th": null,
      "sigma_2p5": 0.0017056498495734657,
      "sigma_14": 0.11570225286964066
    }
  },
  "Ni-60": {
    "(n,\u03b3)": {
      "sigma_th": 2.400236,
      "sigma_2p5": 0.0018584889025877146,
      "sigma_14": 0.00028620158071511817
    },
    "(n,p)": {
      "sigma_th": null,
      "sigma_2p5": 3.089088164165064e-08,
      "sigma_14": 0.1455891899108798
    },
    "(n,2n)": {
      "sigma_th": null,
      "sigma_2p5": null,
      "sigma_14": 0.3274293933847796
    }
  },
  "Ni-62": {
    "(n,\u03b3)": {
      "sigma_th": 14.900329999999999,
      "sigma_2p5": 0.003885500254018513,
      "sigma_14": 0.00024012211194177698
    }
  },
  "Ni-64": {
    "(n,\u03b3)": {
      "sigma_th": 1.480042,
      "sigma_2p5": 0.0034095003827474203,
      "sigma_14": 0.00019507947634919018
    }
  },
  "O-16": {
    "(n,p)": {
      "sigma_th": null,
      "sigma_2p5": null,
      "sigma_14": 0.042723300000000006
    }
  },
  "O-17": {
    "(n,\u03b1)": {
      "sigma_th": 0.2358248,
      "sigma_2p5": 0.1261418342873584,
      "sigma_14": 0.10110492669747116
    }
  },
  "Sc-45": {
    "(n,\u03b3)": {
      "sigma_th": 27.13958,
      "sigma_2p5": 0.0014899830000000005,
      "sigma_14": 0.0015080921540232847
    }
  },
  "Si-28": {
    "(n,p)": {
      "sigma_th": null,
      "sigma_2p5": null,
      "sigma_14": 0.2773411233165851
    }
  },