{
  "Ag-107": {
    "(n,\u03b3)": {
      "sigma_th": 37.59839999999999,
      "sigma_2p5": 0.0656171864357984,
      "sigma_14": 7.777332710351322e-05
    }
  },
  "Ag-109": {
    "(n,\u03b3)": {
      "sigma_th": 91.09985000000003,
      "sigma_2p5": 0.03696310735693206,
      "sigma_14": 0.00086421342648045
    }
  },
  "Al-27": {
    "(n,\u03b3)": {
      "sigma_th": 0.23347209999999996,
      "sigma_2p5": 0.0004614908000000001,
      "sigma_14": 0.0006312038204118132
    },
    "(n,p)": {
      "sigma_th": null,
      "sigma_2p5": 1.5304160000000006e-05,
      "sigma_14": 0.07228248722890286
    },
    "(n,\u03b1)": {
      "sigma_th": null,
      "sigma_2p5": null,
      "sigma_14": 0.12120142053484141
    },
    "(n,2n)": {
      "sigma_th": null,
      "sigma_2p5": null,
      "sigma_14": 0.006581946784550725
    }
  },
  "B-10": {
    "(n,\u03b1)": {
      "sigma_th": 3844.935000000001,
      "sigma_2p5": 0.2847501,
      "sigma_14": 0.044480611148775676
    },
    "(n,\u03b3)": {
      "sigma_th": 0.3961376,
      "sigma_2p5": 3.923525000000003e-05,
      "sigma_14": 1.626182450733483e-05
    }
  },
  "B-11": {
    "(n,\u03b3)": {
      "sigma_th": 0.005507355999999999,
      "sigma_2p5": 3.5076930000000008e-06,
      "sigma_14": 2.1399967128794227e-07
    }
  },
  "Ba-132": {
    "(n,\u03b3)": {
      "sigma_th": 6.529931999999999,
      "sigma_2p5": 0.3135067935251908,
      "sigma_14": 0.0036955130331351705
    }
  },
  "Bi-209": {
    "(n,\u03b3)": {
      "sigma_th": 0.033838299999999995,
      "sigma_2p5": 0.004416859903281728,
      "sigma_14": 0.001588766218233956
    }
  },
  "C-12": {
    "(n,\u03b3)": {
      "sigma_th": 0.0038602659999999994,
      "sigma_2p5": 2.212098519367411e-05,
      "sigma_14": 7.25699612375033e-05
    }
  },
  "C-13": {
    "(n,\u03b3)": {
      "sigma_th": 0.0013674950000000003,
      "sigma_2p5": 2.1464429632279206e-05,
      "sigma_14": 3.0473755777145295e-05
    }
  },
  "Ca-40": {
    "(n,\u03b3)": {
      "sigma_th": 0.4073464,
      "sigma_2p5": 0.0014283999640696571,
      "sigma_14": 0.0005031611201595814
    }
  },
  "Ca-42": {
    "(n,\u03b3)": {
      "sigma_th": 0.682738,
      "sigma_2p5": 0.0019513598157440508,
      "sigma_14": 0.00036554448454518846
    }
  },
  "Ca-43": {
    "(n,\u03b3)": {
      "sigma_th": 6.202416,
      "sigma_2p5": 0.00328021644133143,
      "sigma_14": 0.0009866812877800685
    }
  },
  "Ca-44": {
    "(n,\u03b3)": {
      "sigma_th": 0.8880515,
      "sigma_2p5": 0.0007768414139218169,
      "sigma_14": 0.000263877607692781
    }
  },
  "Ca-48": {
    "(n,\u03b3)": {
      "sigma_th": 1.092356,
      "sigma_2p5": 0.0001476570187480713,
      "sigma_14": 0.00017495799377918362
    }
  },
  "Co-59": {
    "(n,\u03b3)": {
      "sigma_th": 37.17348,
      "sigma_2p5": 0.0026549993985091284,
      "sigma_14": 0.0008949523939619249
    },
    "(n,2n)": {
      "sigma_th": null,
      "sigma_2p5": null,
      "sigma_14": 0.7001984605503319
    },
    "(n,p)": {
      "sigma_th": null,
      "sigma_2p5": 5.0109402921923505e-05,
      "sigma_14": 0.04995474089050391
    }
  },
  "Cr-50": {
    "(n,\u03b3)": {
      "sigma_th": 15.266179999999999,
      "sigma_2p5": 0.0030965575887502215,
      "sigma_14": 0.001005120895595232
    }
  },
  "Cr-52": {
    "(n,\u03b3)": {
      "sigma_th": 0.8558776,
      "sigma_2p5": 0.0007447814562657137,
      "sigma_14": 0.0009447629999999999
    },
    "(n,p)": {
      "sigma_th": null,
      "sigma_2p5": null,
      "sigma_14": 0.0863069
    },
    "(n,2n)": {
      "sigma_th": null,
      "sigma_2p5": null,
      "sigma_14": 0.297167
    }
  },
  "Cr-53": {
    "(n,\u03b3)": {
      "sigma_th": 19.39539,
      "sigma_2p5": 0.0009865921049935639,
      "sigma_14": 0.000987635
    }
  },
  "Cr-54": {
    "(n,\u03b3)": {
      "sigma_th": 0.4110942,
      "sigma_2p5": 0.0013840871425365691,
      "sigma_14": 0.0009436187478284912
    }
  },
  "Cs-133": {
    "(n,\u03b3)": {
      "sigma_th": 28.89296,
      "sigma_2p5": 0.01781926520676786,
      "sigma_14": 0.0015257972661936764
    }
  },
  "Cu-63": {
    "(n,\u03b3)": {
      "sigma_th": 4.469054116552505,
      "sigma_2p5": 0.006094919852588295,
      "sigma_14": 0.0027079999999999995
    },
    "(n,2n)": {
      "sigma_th": null,
      "sigma_2p5": null,
      "sigma_14": 0.454143
    },
    "(n,\u03b1)": {
      "sigma_th": null,
      "sigma_2p5": 1.015874279476534e-06,
      "sigma_14": 0.042416800000000005
    }
  },
  "Cu-65": {
    "(n,\u03b3)": {
      "sigma_th": 2.148556575265626,
      "sigma_2p5": 0.005429885539879204,
      "sigma_14": 0.0005130000000000002
    },
    "(n,2n)": {
      "sigma_th": null,
      "sigma_2p5": null,
      "sigma_14": 0.906016
    },
    "(n,p)": {
      "sigma_th": null,
      "sigma_2p5": 8.380316941250036e-07,
      "sigma_14": 0.02441207
    }
  },
  "Fe-54": {
    "(n,\u03b3)": {
      "sigma_th": 2.253272,
      "sigma_2p5": 0.002322993500514159,
      "sigma_14": 0.0009967184000000003
    },
    "(n,p)": {
      "sigma_th": null,
      "sigma_2p5": 0.05899377950302766,
      "sigma_14": 0.338907
    },
    "(n,\u03b1)": {
      "sigma_th": null,
      "sigma_2p5": 5.088724294900745e-07,
      "sigma_14": 0.003736916999999999
    }
  },
  "Fe-56": {
    "(n,\u03b3)": {
      "sigma_th": 2.576621,
      "sigma_2p5": 0.0017137381841200892,
      "sigma_14": 0.0007955769498027766
    },
    "(n,p)": {
      "sigma_th": null,
      "sigma_2p5": null,
      "sigma_14": 0.11332592499880867
    },
    "(n,2n)": {
      "sigma_th": null,
      "sigma_2p5": null,
      "sigma_14": 0.43136429228721157
    }
  },
  "Fe-57": {
    "(n,\u03b3)": {
      "sigma_th": 2.481168,
      "sigma_2p5": 0.001367920297074332,
      "sigma_14": 0.0010015158714270593
    }
  },
  "Fe-58": {
    "(n,\u03b3)": {
      "sigma_th": 1.314391,
      "sigma_2p5": 0.0017970398242982877,
      "sigma_14": 0.0011538711766226149
    }
  },
  "H-1": {
    "(n,\u03b3)": {
      "sigma_th": 0.332036,
      "sigma_2p5": 3.7173883745160186e-05,
      "sigma_14": 2.9761709577071446e-05
    }
  },
  "H-2": {
    "(n,\u03b3)": {
      "sigma_th": 0.0005057371000000002,
      "sigma_2p5": 8.413244000000005e-06,
      "sigma_14": 9.471511999999997e-06
    }
  },
  "K-39": {
    "(n,\u03b3)": {
      "sigma_th": 2.10424,
      "sigma_2p5": 0.0009340078528491864,
      "sigma_14": 0.0005119848232343812
    }
  },
  "K-41": {
    "(n,\u03b3)": {
      "sigma_th": 1.442789,
      "sigma_2p5": 0.001118468718852065,
      "sigma_14": 0.0008117956171680636
    }
  },
  "Mg-24": {
    "(n,\u03b3)": {
      "sigma_th": 0.050291970000000005,
      "sigma_2p5": 0.00011761592856156255,
      "sigma_14": 3.269679116921493e-05
    },
    "(n,p)": {
      "sigma_th": null,
      "sigma_2p5": null,
      "sigma_14": 0.19660019762805908
    }
  },
  "Mg-25": {
    "(n,\u03b3)": {
      "sigma_th": 0.1903823,
      "sigma_2p5": 0.0001368078578121649,
      "sigma_14": 6.694778202473615e-06
    }
  },
  "Mg-26": {
    "(n,\u03b3)": {
      "sigma_th": 0.03831122,
      "sigma_2p5": 0.00017886623492095478,
      "sigma_14": 2.0116879078237892e-05
    }
  },
  "Mn-55": {
    "(n,\u03b3)": {
      "sigma_th": 13.275279999999999,
      "sigma_2p5": 0.0015483695296008104,
      "sigma_14": 0.0006238483448722149
    },
    "(n,2n)": {
      "sigma_th": null,
      "sigma_2p5": null,
      "sigma_14": 0.6866115561820636
    },
    "(n,\u03b1)": {
      "sigma_th": null,
      "sigma_2p5": null,
      "sigma_14": 0.0012395843314315083
    }
  },
  "Mo-100": {
    "(n,\u03b3)": {
      "sigma_th": 0.1937639,
      "sigma_2p5": 0.007680679854855803,
      "sigma_14": 0.001290027468463284
    }
  },
  "Mo-92": {
    "(n,p)": {
      "sigma_th": null,
      "sigma_2p5": 0.0017737810991190427,
      "sigma_14": 0.14972490518050233
    }
  },
  "Mo-94": {
    "(n,\u03b3)": {
      "sigma_th": 0.3391033,
      "sigma_2p5": 0.01700087651215479,
      "sigma_14": 0.0007109516345974602
    },